,PC1,PC2,PC3,status,name,label
0,0.2287081226966136,0.2718286603087321,-0.20606733718600978,me,Breakdown,like
1,0.044806372569237043,-0.25171473409923056,0.26159856493251243,me,Tenth Avenue Freeze-Out,like
2,0.3051821898575764,0.01966394022967526,0.3008619115460556,me,Stop Draggin' My Heart Around (with Tom Petty & The Heartbreakers),like
3,-0.1130139759354448,-0.08062698111249189,0.22704667499676331,me,Blinded By The Light,like
4,-0.32213389525364083,-0.08565824388209912,0.09111233272464149,me,"Paint It, Black - (Original Single Mono Version)",like
5,0.18406602846259207,-0.46037418280765796,0.1606092529452174,me,Hurdy Gurdy Man,like
6,0.5189444522603722,-0.03645180575435856,-0.47471089190580024,me,The Times They Are A-Changin',like
7,0.030521473955808197,0.25976722163178345,-0.21941926323543334,me,Crucify Your Mind,like
8,-0.34362754652901667,0.08084323368062314,-0.2623286744981185,me,All Along the Watchtower,like
9,0.17251525322901456,-0.29945755544553815,0.09880714239008331,me,For What It's Worth,like
10,-0.17651157712800264,0.08981084520733905,-0.08094068348723625,me,Saturday in the Park - 2002 Remaster,like
11,0.9385046789927124,0.0720750308076444,-0.47514879163186297,me,"Lullabye (Goodnight, My Angel)",like
12,0.13487529672577364,-0.31985529818013947,0.5035044501869367,me,Fortunate Son,like
13,0.010570128580868128,0.3418949453445152,-0.01743406270234183,me,Sweet Emotion,like
14,-0.09371584697850548,0.11447022454025178,0.20174596873657497,me,Sweet Child O' Mine,like
15,-0.08644556419724703,-0.47550342382789745,0.21288034930293664,me,Dreams - 2004 Remaster,like
16,0.6581106533575201,0.6029704277655792,-0.0797880795135309,me,Drift Away,like
17,0.033447278968221625,0.5504450352392187,0.046646176716863115,me,Moonage Daydream - 2012 Remastered Version,like
18,-0.40519399369551723,-0.005580475478106357,0.027701341400274967,me,Take on Me,like
19,0.05157400378565254,-0.08354819163302281,-0.02219045290292,me,Rich Girl,like
20,-0.028646535947691808,0.09122399950744657,0.3814439553567254,me,Go Your Own Way,like
21,0.49885413568979214,-0.2885833872633735,0.46173481311890474,me,My Girl,like
22,-0.2725368106003632,0.3886137270674896,0.18370800746445975,me,Play That Funky Music,like
23,-0.017415590952471718,-0.33970907775400094,0.09364609390553436,me,American Girl,like
24,-0.15944539099076233,-0.26089295591100203,0.20940206756987353,me,Maria Maria (feat. The Product G&B),like
25,0.26013852496598205,-0.6912440332760749,-0.3191098991713053,me,Piano Man,like
26,0.14526107626552484,-0.04657811434378785,-0.008051470384907259,me,Levon,like
27,0.9646730788455696,0.1322869330077575,0.16124295146768947,me,Blackbird - Live / Remastered,like
28,-0.04912178191795706,-0.1548209787621097,-0.5686876605041864,me,Lights,like
29,-0.4028479355829849,0.11346415518767097,-0.35242015314464487,me,Reptilia,like
30,-0.4184463094136742,0.1991615413481285,-0.46678335320543646,me,Even Flow,like
31,-0.24421375363891762,0.0460136096298816,-0.17855649619537617,me,Lithium,like
32,-0.31441366037606755,0.303793335397404,0.03474219132438488,me,"Black, Red, Yellow",like
33,-0.1665195010585563,-0.18142450562317475,-0.48211083525400267,me,"Tonight, Tonight - Remastered 2012",like
34,0.02480823519146337,-0.39582886359942826,0.15530434457237624,me,Lake Of Fire - Live,like
35,-0.3057229556101284,-0.2712973500315594,-0.10922276736578969,me,Saint Cecilia,like
36,-0.03304513527403485,0.08658927575778909,-0.08285181494184922,me,Last Kiss,like
37,-0.2965392856624141,-0.1744549812893523,-0.46388952253531196,me,Black Hole Sun,like
38,0.24074948437709023,-0.26925874372325403,-0.33802583227886457,me,Yellow Ledbetter,like
39,-0.38630412881247844,-0.4649051625132044,0.11145807016377232,me,Smells Like Teen Spirit,like
40,0.043380303316218664,-0.44960227365074,0.17410213312613967,me,Oil and Water,like
41,-0.08757123657884724,-0.3927714507074318,0.4427839320952551,me,"Promises, Promises",like
42,-0.1473989144340897,0.1643000367464994,-0.4166854229255868,me,Doesn't Remind Me,like
43,-0.4836817766869972,0.08116974355665617,-0.1868869887199523,me,Anna Molly,like
44,-0.38464237727264583,0.07560934252329164,-0.001354018577501747,me,Spoonman,like
45,-0.2895550785703018,-0.39259875591460963,0.06235061550568854,me,Cut Me Some Slack,like
46,-0.3475194121344389,-0.08041673037328827,0.2940479671628734,me,Can't Stop,like
47,-0.2107171942163189,0.02426544073348763,-0.22754548737624994,me,Like a Stone,like
48,-0.20609990181878118,-0.0024575389037011105,-0.24930316643817388,me,Backstreets,like
49,0.03427093039469404,0.09175206857896118,0.08777348640523802,me,Simple Man,like
50,0.08703091006249208,-0.4776413871419706,-0.09155284391956915,me,The Man Who Sold The World - Live,like
51,1.1392258164519018,0.2885264842973753,0.003062424992142709,me,Dream A Little Dream,like
52,-0.1220683613814711,0.25756153480468147,-0.09360718896985691,me,Ramble On - 1990 Remaster,like
53,0.8159556500133743,0.05199972620482013,-0.4713502387745844,me,Jolene,like
54,0.5730767817527274,-0.39826763398872844,-0.17884050274470364,me,(Sittin' On) the Dock of the Bay,like
55,0.012618763119590166,0.017214570715628836,0.3239865414350052,me,La Grange - 2005 Remaster,like
56,-0.05710484185179221,0.048571436983497245,0.48304622076052606,me,"One Bourbon, One Scotch, One Beer",like
57,0.47462024903439154,0.49153162547446405,0.22095180608435055,me,Stir It Up - Original Album Version,like
58,0.4514053797486415,-0.24257064160381459,0.5244570202711407,me,Love Gonna Walk Out On Me,like
59,0.3913500484020921,-0.0533313254914533,-0.2195530770003303,me,Burn One Down,like
60,0.10193089681846754,0.3671516555206858,0.31947886401381587,me,Pressure Drop,like
61,-0.01853440866206398,-0.4093476697303283,0.2963425805614557,me,Could You Be Loved,like
62,0.026174554784252662,-0.2050967486375555,0.5129392717194527,me,Santeria,like
63,0.19621486217388143,-0.2220412912912316,0.48512301917416517,me,Funky Kingston,like
64,-0.005761060846406434,0.345771148407829,0.4092022424724273,me,What I Got,like
65,-0.1554184115539081,-0.3057049600021011,0.19235395546397066,me,Save It For Later,like
66,0.03721404831009596,-0.27403169560594987,0.12151643777783286,me,Every Little Thing She Does Is Magic,like
67,-0.25469037687777346,-0.22076661678480913,0.3939574724319843,me,Should I Stay or Should I Go - Remastered,like
68,0.2229805966758434,0.44527902473868347,0.39025071290238256,me,Hard To Handle,like
69,-0.11775236916653006,0.40594631246133533,0.10300276242547027,me,Buffalo Soldier,like
70,0.050079647099550366,0.3977457865288622,-0.13683030830537377,me,The General,like
71,0.15990125740088806,-0.3637703522534265,-0.11979970533693592,me,Sideways (feat. Citizen Cope),like
72,0.4500997167238943,-0.4424138280241017,0.062239591957891784,me,Hey You,like
73,-0.3782507222624884,0.07117554607163176,-0.46421792460553823,me,Hey Joe,like
74,0.609333443195745,-0.06716888292055745,-0.17152099952771616,me,The Way You Look Tonight,like
75,0.24015009811969426,0.6622675288143544,0.1909060458263881,me,Smooth Sailin',like
76,0.2755475033810503,-0.1395321229837128,-0.11125074785135138,me,Half Time,like
77,-0.1197766224436679,0.42889896767342345,0.05402946067296464,me,Just Dropped In (To See What Condition My Condition Was In),like
78,0.185402718095954,-0.3004993483818282,0.10906925132916534,me,That's Life,like
79,0.48630293323498286,0.10183962087434781,-0.008410749452004443,me,Coming Home,like
80,0.5468555040708779,0.6998269410357741,0.22763852647009125,me,We Get Along,like
81,-0.17120651470427167,0.2989859846321945,-0.046160443292143645,me,Me and Julio Down by the Schoolyard,like
82,0.8237677127603381,0.20903046744856807,-0.12455716204551526,me,This Feeling,like
83,0.728270539178326,0.07247070227263167,-0.4050813004735721,me,Colors,like
84,-0.10533236120174275,-0.07230299065341399,0.182211214687405,me,The River,like
85,0.7928068972441262,-0.2411861059235329,-0.06379651254379663,me,Sound & Color,like
86,-0.059911852182657876,0.2478601936183658,-0.2320989307062055,me,Put Your Records On,like
87,0.3160134529800292,-0.48915542995375405,0.03465698945192137,me,From Eden,like
88,0.6889105352342602,0.2911381290147756,-0.32484434877185336,me,Billie Jean,like
89,0.7326135929587311,-0.10941350524655306,-0.36366779514383935,me,Lay Down,like
90,0.5136761966077802,0.4635494412476081,0.02461386375228993,me,Sowa,like
91,-0.42514118353553304,-0.2988297353675918,-0.15344866317775457,me,Born to Run,like
92,0.4531009952816977,0.22467667324122337,0.22509935506493992,me,What's Going On,like
93,-0.14303590976107344,0.7291787504316902,0.40044420268267356,me,Only God Can Judge Me,like
94,0.07981004538906007,-0.27072034060472316,0.6202883379980075,me,Have You Ever Seen The Rain?,like
95,-0.0015523860394374065,-0.21504896549357239,-0.41315347109380385,me,Baba O'Riley,like
96,-0.12947380000646533,-0.04564196349078596,-0.33254960483247875,me,Can't You See,like
97,-0.3689531841271166,-0.4180173386951246,0.017532721282766957,me,Summer Of '69,like
98,-0.1822138886844955,-0.4525746351244558,0.026078035487243148,me,Mr. Brightside,like
99,0.1508169383421927,-0.20858665779867852,0.32109394446426476,me,Come and Get Your Love (Rerecorded Version),like
100,0.8076504351813015,0.31665487203095544,-0.2954672391018119,me,All My Tears,like
101,1.0424712363878144,0.20096501386985421,-0.13201492341214052,me,Fraulein (feat. Tyler Childers),like
102,0.25489455995957483,-0.18425044499228901,-0.297367138192551,me,Wildflowers - Recorded at Spotify Studios NYC,like
103,0.43883256648571906,0.28242019160191917,0.19936530602850264,me,Heaven Sent,like
104,0.4873046775736173,0.1651598171055202,-0.36015430864426073,me,Highwomen,like
105,0.10968129013578858,0.15832638393301798,-0.4277289928991028,me,Midnight in Harlem,like
106,0.11498913591055072,0.3679381282137024,-0.009346785863205928,me,Anyhow,like
107,0.19414819382271575,0.030845590464457635,0.32742160689169336,me,This Too Shall Light,like
108,0.21568122404847823,-0.05902455219646133,0.5785526437368691,me,Honest Man,like
109,0.5641253073508365,0.33786816755226257,-0.12747684079950222,me,If It Hadn't Been For Love,like
110,-0.11758157925002853,0.07962442194405682,-0.018603463724820912,me,Purgatory,like
111,-0.14491390691382527,-0.031963000679705596,-0.06205619834314998,me,Time > Breathe Reprise >,like
112,0.6630062620218224,-0.40435847669940456,0.13624778958617645,me,Hello Walls,like
113,0.7363451158191144,0.003363011314247362,-0.10293795477474403,me,Look at Us (feat. Morgane Stapleton),like
114,0.348497780417271,0.6147008753560834,0.01654638252927274,me,Done,like
115,1.0722971623853272,0.06192663864553291,0.016011835258092726,me,That's the Way That the World Goes Round - Live,like
116,0.6681004065306507,0.29981330833318914,0.12959028231388983,me,Motorcycle,like
117,0.684644740125111,-0.18988937190144903,-0.29912342667326963,me,Where Rainbows Never Die,like
118,1.0197326313806225,0.18652124450735058,-0.22453949760603342,me,Kate McCannon,like
119,0.06445713263155131,-0.03848263204544225,0.012326976074604609,me,House Fire,like
120,0.5616644914441256,-0.22098791031319126,0.09769910174865747,me,Hello Sunshine,like
121,0.24078027025832197,0.5132781226879252,-0.1403674921906031,me,If Not the Fool,like
122,0.22267855724559057,0.5883345816557006,0.06596325155359978,me,Don't Know What It Means,like
123,0.7613548055049602,0.15736378425609265,0.2787385225144572,me,Rita Is Gone,like
124,0.2560148008776545,-0.37852925770605816,0.2654476005884942,me,Goodbye Carolina - Extended Version,like
125,0.08053351880792871,0.029594778001720935,-0.4516200086034882,me,Forever You and Me,like
126,0.45559692376723554,0.6227999881004899,0.026204233800695507,me,I've Got a Name for the Newborn Child,like
127,0.49705654494786233,-0.01050898040642814,-0.0663906727340466,me,A Little Bit Of Everything,like
128,0.8254337775183189,-0.2640102652115664,-0.1062146945999972,me,Learning to Lose (feat. Willie Nelson),like
129,0.48050386443631155,0.25785390473563835,0.14493702177906367,me,Hangin’ Around,like
130,0.2982210416743075,-0.14439785657375873,-0.06688563546198778,me,Turtles All the Way Down,like
131,0.31654234350542054,0.04152923665403002,-0.36179203820670164,me,Hurricane,like
132,1.0414680930282252,-0.20528504314674953,0.0275908953527094,me,Here and Heaven,like
133,0.9969265050995306,-0.4275038302501277,-0.017710037414131543,me,Buddy,like
134,0.06612774672130402,-0.36571798508842923,0.032168292060070845,me,Will the Circle Be Unbroken?,like
135,0.7564912926851963,-0.10994351448105506,0.03732570698034095,me,Highland Grace,like
136,-0.1291126588106827,0.03984102765399561,-0.15633219203131904,me,Dust in a Baggie,like
137,0.13428941268396105,-0.4080185800009704,0.019252349850146275,me,Forget About Georgia,like
138,0.1597759264252025,-0.07215761651783778,0.16018753662063184,me,That's How I Got To Memphis,like
139,0.29226503802375625,0.3215885618919221,-0.18936063491164873,me,Wayside/Back in Time,like
140,0.5118216831680698,-0.16028742563326107,0.33643954408944876,me,Night Train to Memphis,like
141,0.7106527816923724,-0.5076095559720233,-0.1358341321589252,me,Just Breathe (feat. Lukas Nelson),like
142,0.20017973372752282,0.3443231909925177,-0.05497100548328376,me,I'll Get Along,like
143,0.2017568139867286,0.018795757195497857,0.15466030933564337,me,Give It Up or Let Me Go - 2008 Remaster,like
144,0.5871910765574084,0.2080828946100873,-0.4999363599032853,me,That Wasn't Me,like
145,0.35452361381014763,-0.44615049435568876,0.20327102876780134,me,Space Captain - Live At The Fillmore East/1970,like
146,0.20869844199373858,-0.22445358564645254,0.03607858584173146,me,Ain't Wastin' Time No More,like
147,1.0061355747112022,-0.1447343965650356,0.1436795321942103,me,Northwest Passage,like
148,0.1383620440003532,-0.31542114567910173,0.010208844036628573,me,Tessellate,like
149,-0.27165311446773177,-0.6050204555981333,-0.07017568523981077,me,Balance,like
150,0.12049360864721413,0.36191286857564103,-0.0008903428102953825,me,For What It's Worth,like
151,0.9693002412788444,-0.0400566142053571,-0.22133609325092327,me,Here Comes the Sun,like
152,0.1241055083635728,0.15737796804101803,-0.005717693014064773,me,Annabel,like
153,0.17008579230066814,-0.14087564083151258,0.3935623771913356,me,True Love Is Hard to Find,like
154,0.2557249437307865,0.4516346996455841,0.5630227119794772,me,Night Nurse,like
155,0.08495063046598725,0.3587774192205599,0.1856970252750294,me,Pain In My Heart,like
156,0.150900390221352,-0.04279433796906901,0.6264349094360308,me,Love So Strong,like
157,-0.047785506200296035,-0.03904995427524762,0.3011029318585119,me,I Am That I Am,like
158,0.2784484396891495,0.215058342058234,-0.06780510403409301,me,Country Road,like
159,0.10619906295371404,-0.2753605493343949,0.5783614775878425,me,Top Ten,like
160,0.18077334455973282,0.6056020135079738,0.3269758124091247,me,She's Still Loving Me,like
161,-0.19821345432179893,0.07644482751706995,0.16112088077735784,me,That's Not True,like
162,0.10708098047312364,0.11221847525136397,0.5486638724998298,me,Gimme Likkle One Drop,like
163,-0.12489926228293213,0.07816340287955732,0.12378065553454741,me,No Cigarette Smoking (In My Room),like
164,-0.11775236916653006,0.40594631246133533,0.10300276242547027,me,Buffalo Soldier,like
165,-0.18008496091518203,0.31226420219352924,-0.2723478729032011,me,Hysteric,like
166,-0.1543742205453941,-0.18265960889906113,-0.26569585516854133,me,Breezeblocks,like
167,-0.23319075008741819,-0.20591369391289469,-0.1396745359530118,me,Lazy Eye,like
168,-0.4118931716121031,0.23743896114507168,-0.09623930015739462,me,Hang Me Up To Dry,like
169,-0.1508523060434207,-0.6684997650610432,-0.2635885682218718,me,The Funeral,like
170,-0.2848226971018853,0.17178089920535602,-0.06686197653486936,me,Naive,like
171,-0.2194001329707429,0.21864132539121908,-0.23122933892614542,me,"Steady, As She Goes",like
172,-0.31011008294514814,-0.38806484784103007,-0.018956168372416683,me,On Melancholy Hill,like
173,0.49579962428715074,0.11303029856569138,-0.4241259851145087,me,King of Spain,like
174,-0.1936202445890823,-0.38045715027699983,0.23617829652516256,me,I Can Change,like
175,-0.3140751114081925,0.3932592874748055,-0.25692753565329823,me,Wide Eyes,like
176,-0.22139580338132028,0.4519289729259786,-0.20715050381895847,me,At Home,like
177,-0.1328377419777689,-0.6623685345957386,-0.20184407331829635,me,Wake Up,like
178,-0.3741684512234157,-0.20042023799509467,-0.2574433695060092,me,Obstacle 1,like
179,-0.5407865403148677,0.2614072671231464,-0.39407747294418416,me,How Soon Is Now? - 2011 Remaster,like
180,0.9015989339109952,0.05432044577247116,0.19288732245338222,me,You Send Me - Live,like
181,1.0869396456204472,-0.2980344877638227,0.18979397761772435,me,La Vie En Rose - Single Version,like
182,0.8399131652967937,0.6563023163418606,0.013919052731951266,me,L-O-V-E - Remastered,like
183,-0.07892816646628766,-0.37111272527024414,0.3404658456995154,me,What's Going On,like
184,1.2117309874365954,-0.3672993096139542,-0.19457933955729484,me,When I Fall In Love,like
185,0.4918499944257558,-0.5375175524819514,-0.040905623488638986,me,This Magic Moment,like
186,0.5311948491004249,-0.08060213040913633,-0.16913180951843929,me,Strangers In The Night,like
187,0.609333443195745,-0.06716888292055745,-0.17152099952771616,me,The Way You Look Tonight,like
188,0.4419339076276196,-0.4834052359132589,0.002283824641761165,me,Fly Me To The Moon,like
189,0.6405541058236872,-0.05176185222164413,-0.3723260251825461,me,Come Fly With Me - Remastered 1998,like
190,0.44860987481028763,-0.42175787545502297,-0.0367376475375807,me,I've Got You Under My Skin - Remastered 1998,like
191,0.28836751008940764,0.12658479238000597,-0.2981569127751165,me,Summer Wind,like
192,0.865521071467462,-0.006718132968760851,-0.16887533031642815,me,What A Wonderful World - Single Version,like
193,1.2648766491117642,0.22682864459271315,-0.4437485456761055,me,Summertime,like
194,1.0438955234951843,0.43609295143616456,-0.14412664335390285,me,Dream A Little Dream Of Me,like
195,0.7434125130197183,-0.2659592164900981,0.4317268913301369,me,Cheek To Cheek,like
196,0.5168911374713607,-0.3344161790487198,0.188782518838469,me,Cabaret,like
197,0.862722230410583,0.5015644300773456,-0.14198333938335528,me,That's Amore - 1996 Digital Remaster,like
198,0.7596841332355865,-0.04131150475857096,-0.4212900424560712,me,Volare (Nel Blu Di Pinto Di Blu) - Remastered 1998,like
199,0.6337569819574791,-0.27509180140520795,-0.21680962012262567,me,Everybody Loves Somebody,like
200,0.9883655098588239,-0.2651213376546869,-0.12779134159231426,me,Unforgettable,like
201,0.6895357168410288,0.16264446329069362,0.2799453806290497,me,"Valerie - Live At BBC Radio 1 Live Lounge, London / 2007",like
202,0.5026408186087106,-0.34282320494907664,0.107943789090629,me,Here In My Arms,like
203,0.07325438975907582,0.5699795296301453,0.30046229537703006,me,How Long Do I Have To Wait For You?,like
204,0.847437201434241,-0.49489784582550456,-0.3612681913628388,me,Body and Soul,like
205,0.10066721557629842,-0.13804716331807662,-0.03662824075783203,me,Me & Mr Jones,like
206,0.10522673338659135,-0.5717376513607749,-0.020245410092079277,me,Love Is A Losing Game,like
207,0.9982212456707141,0.16829363907714906,-0.2459288156638477,me,In Napoli,like
208,0.5318672906645224,-0.49503908479062786,0.023528071440566126,me,Danke Schoen - Remastered,like
209,0.2655487390369659,-0.010509816040990648,0.14671077209619623,me,Shangri-La - Remastered,like
210,0.6463651804415009,-0.3232038844027184,-0.10409896173910442,me,Sway (Quien Sera),like
211,0.8834452804092334,0.08317683608868284,-0.45839431075190074,me,Feeling Good,like
212,0.5846204485335569,-0.2016861402682204,-0.03986602343622539,me,When Lights Are Low,like
213,0.5541826591246456,-0.20572379223621368,0.032166123824121914,me,The Best Things In Life Are Free,like
214,0.7051927278759444,-0.5496802225418789,-0.1899575689116096,me,Unchained Melody,like
215,0.6829796363812368,0.1409924500353849,-0.16722169328999265,me,Under the Boardwalk,like
216,0.7717566709096433,0.048592130455743496,0.009458601326673624,me,Dance Me To The End Of Love,like
217,0.3036994458044921,0.3806320945902837,-0.40646113213686996,me,Sinnerman,like
218,0.4048921225552895,-0.4333010852551861,0.18210214421173673,me,Time Is On My Side,like
219,0.5424707775534156,0.08125155282124019,-0.28653936494870147,me,California Dreamin',like
220,0.9211140072626753,-0.3736539963576755,-0.0600294176658495,me,Blind Willie McTell - Studio Outtake - 1983,like
221,0.9442769259774173,-0.12105529269110839,-0.4352938616531061,me,Bang Bang (My Baby Shot Me Down),like
222,0.4243264035862715,-0.09671228083162176,-0.20074955890489923,me,Sugar Man,like
223,0.4301892762795668,0.027364273594719744,-0.13258454914796544,me,"Mrs. Robinson - From ""The Graduate"" Soundtrack",like
224,-0.21908593990406414,0.45480453622094064,-0.07352831538666635,me,Use Me,like
225,0.3886900197219147,-0.4328314363508869,0.2524428297624367,me,Funnel Of Love,like
226,0.5452573445839889,-0.06550914374753868,-0.41822684422901607,me,I Put A Spell On You,like
227,0.39969169937232824,-0.5406860982750817,-0.13443412814593148,me,Changes - 2013 Remaster,like
228,0.9091227868558623,-0.44952029731775306,-0.415757355242663,me,Blowin' in the Wind,like
229,0.08547388186196751,0.28559976614490246,0.28819608938006297,me,All My Love - 1990 Remaster,like
230,0.14348342645316878,-0.43472492192702744,-0.27912577813797246,me,Dogs,like
231,0.18774208141803556,-0.47528106518835783,0.1825162051657058,me,Magic Man,like
232,0.6456011770449361,-0.005813373666642664,0.149810346937785,me,Oh Louisiana,like
233,0.34713497623584694,-0.4521491531225641,-0.11737958552946766,me,Little Wing,like
234,-0.09046448603998468,0.14985980619884104,-0.3910569306612622,me,Jungle,like
235,-0.18587114685257738,0.08278336929302078,-0.058923252044886854,me,Supernaut - 2014 Remaster,like
236,0.22022254049306195,-0.04922579007667414,0.21832234169476789,me,Spooky (Single Version),like
237,0.818615876295302,-0.48571817716093396,-0.2851622707387655,me,People Get Ready,like
238,0.5424222560925682,0.2202356404273682,-0.42696800055046236,me,I Got So High That I Saw Jesus (feat. Miley Cyrus) - Live Recording,like
239,-0.045516154590869176,0.6140845229340601,0.09222924704782703,me,Method Man,like
240,-0.22413613770004925,0.6580025591420342,0.271853350405977,me,Slam,like
241,0.03498590410938008,0.47243490576524727,-0.06496508023449193,me,Mind Playing Tricks on Me,like
242,-0.21635605674395658,-0.21311024825135447,0.5390167241794498,me,Mathematics,like
243,-0.34265023134368683,0.16903440385851126,0.3552977575611296,me,N.Y. State of Mind,like
244,-0.0728285298089327,-0.10510528775290784,0.5634981678959261,me,Devil's Son,like
245,0.12079142750432621,0.40846616360222365,-0.35450977909693904,me,C.R.E.A.M. (Cash Rules Everything Around Me),like
246,-0.1876891769332778,-0.02429157719448685,0.2635246900656415,me,Passin' Me By,like
247,-0.28230180731473775,-0.1855621069250917,0.6550115844158627,me,MC's Act Like They Don't Know,like
248,-0.0037577067174748963,0.5356226802116548,0.0763143401361028,me,Buggin' Out,like
249,-0.19092792499985511,0.2853017944822612,0.07365248072841091,me,What's Up Fatlip?,like
250,-0.03384024853430967,-0.08735615982053171,0.5418660080901103,me,Town To Town,like
251,-0.22906814803638706,0.5508295301008193,0.24598777379633338,me,The Next Step II,like
252,0.1842144531130897,0.22262157125499624,0.4656850769819529,me,Wickedest Man Alive,like
253,-0.18129547565283677,0.08471212713028858,0.5457845009733902,me,O.P.P. (Re-Recorded),like
254,-0.0646456891618593,0.26511255020537305,0.4644897682358887,me,The Bitch In Yoo,like
255,-0.09284594644065144,0.3536690452474423,0.41027631346966315,me,G.E.T.O.,like
256,0.009517672856481427,0.2904803783862615,0.472175855185333,me,How Many Mics,like
257,0.09551726072160162,0.43360713684377367,0.5195287804633044,me,Rolling Along,like
258,-0.18775894424876485,0.7009071569857436,0.34045899554140546,me,Corner Story,like
259,-0.04124035253953651,-0.24665706848225155,0.7235217183581555,me,Niggas Got Me Fucked Up,like
260,-0.12444032450118894,0.23589705568439948,0.44404254177662333,me,North North,like
261,-0.08796758516650575,0.6579624089498168,0.15687335130692653,me,Pump Pump (feat. Lil' Malik),like
262,0.1370301355128114,-0.2379752698215982,0.18760882481028873,me,So You Want to Be a Gangster,like
263,-0.1926368996840336,0.21603370289173807,0.39714389846503434,me,A Day At The Races,like
264,-0.4805032742621358,0.40774005535824437,-0.1047495336012662,me,The Next Episode,like
265,0.10928322974927863,0.41482279268170164,0.07048454337748691,me,The Creator,like
266,0.03091200303887379,-0.2838358168368742,0.5915242510188555,me,Take 'Em to War,like
267,0.08900694074268078,0.3080183376126368,0.3451375995085147,me,Imaginary Places,like
268,-0.044365953325227594,-0.2031581142286926,0.317430434802484,me,They Reminisce Over You (T.R.O.Y.),like
269,-0.1404025747987667,0.4507791997587235,0.6785912000959659,me,Cheese and Dope,like
270,-0.07644483312597576,0.21357571813961723,0.0805911048134475,me,The Watcher,like
271,-0.23043126261393632,-0.20249003796376075,0.5889104027922074,me,Light Speed,like
272,-0.030653550872421935,0.174229746548018,0.4127381463821759,me,Some L.A. Niggaz,like
273,-0.05256027097037716,0.58728819690346,0.05104130594539131,me,"The Gangsta, The Killa And The Dope Dealer",like
274,0.15982547623133436,-0.12951436009005327,0.6993520038300634,me,Foolish,like
275,-0.3842637285202552,0.21943416638088237,0.19768563883685233,me,No More ?'s,like
276,-0.19261261805100227,0.5758095108146575,0.30226818103698466,me,Ya Mama,like
277,0.4340889931561922,-0.1924262118466574,0.6466342503670969,me,Rhymes Like Dimes,like
278,0.2209657327306083,0.10847091015162613,0.42040805665942543,me,Smooth Operator,like
279,-0.0429966811382891,-0.20314411449391676,0.4734203095337205,me,Chief Rocka,like
280,-0.049131787778297915,0.4448294869201607,0.13664704588600018,me,Bow Down,like
281,0.08194599471514959,0.4226926800556559,0.5743944742285833,me,Rapp Snitch Knishes feat. Mr. Fantastik,like
282,-0.23181613706137677,0.2479677679402387,0.19431022349340107,me,I'm That Type Of Nigga,like
283,-0.15711576431504895,-0.23414414105220263,0.4577204198169211,me,San Francisco Knights,like
284,-0.02255099248449353,0.23371904660996265,0.38822651694806837,me,Tonight's Da Night,like
285,-0.08559658290976753,-0.0476125996611792,0.6254381732286366,me,If You Ain't from My Hood (feat. DJ Paul & Juicy J),like
286,-0.18428369027712777,0.3139401372553983,0.5859935462399868,me,Cool Story Bro,like
287,-0.10313257742237393,-0.10687812892472337,0.7641145585259733,me,It Ain't Nutthin',like
288,-0.13081169512386456,0.4157588035781558,0.5695385713880979,me,Gorilla Pimp (feat. Namond Lumpkin),like
289,-0.06945004561930582,0.4395618685295515,-0.052535498440868626,me,The World Is Yours,like
290,0.10363513476977483,0.588084157615407,0.1975933716080117,me,Out There,like
291,-0.21336699269804715,0.6207797248239096,0.2500642903256136,me,Don't Save Her (feat. Crunchy Black),like
292,-0.1937637066843791,0.2671016179574984,0.4797441651877223,me,Doomsday,like
293,-0.039069206148643586,0.7206141855218402,0.33841118018409366,me,Braggin' Writes - Revisited,like
294,0.05859376490750337,0.7752945677335041,0.42884604619430355,me,Batty Boyz,like
295,0.039511524004487215,0.23892640308532972,0.5519974047989582,me,Microwave Mayo,like
296,0.07214317024437468,0.00526378688898146,0.7201011398790892,me,Figaro,like
297,0.20465271510971642,0.35373249854547684,0.638066122203898,me,Meat Grinder,like
298,0.29643333748642575,0.5128292668404983,0.5268692411355208,me,Money Folder,like
299,-0.023767392062992696,0.7066615839067538,0.2720504382844153,me,Gas Drawls,like
300,0.07749958341954978,-0.09259465045335658,0.6712932581405398,me,North Memphis,like
301,-0.0666337243034934,0.5021461716205124,0.31405838999828145,me,GAZZILLION EAR,like
302,0.3605299872039858,0.5508256690889571,0.48516599766479757,me,Tried By 12,like
303,-0.22110984807209186,0.2475747819924689,0.22597069856347232,me,(I Know I Got) Skillz (feat. Def Jef),like
304,0.057361529455972546,0.36157535722704287,0.15455223923564484,me,King Kong,like
305,-0.13483822881870638,-0.10233051484963279,0.8066032698692743,me,War Games,like
306,0.12829513014452093,-0.0925620320926761,0.760850613652621,me,Hoe Cakes,like
307,-0.10644233968644108,0.32407887784450545,0.6299287449135221,me,Gold Shine (feat. Three 6 Mafia),like
308,-0.08518199077409329,0.7239975962006423,0.3011671538229975,me,Hip 2 Da Game,like
309,-0.05348002216056746,0.2213832518979111,0.3808658138391616,me,You Never Knew,like
310,0.07410331485805573,0.39093197423841886,0.6885080688046413,me,You Know My Steez,like
311,0.1878584341872555,-0.19632156790978317,0.4318270794315807,me,Nappy Heads - Remix,like
312,-0.08139487488957338,0.6755130403094503,0.22067595263067852,me,Leflaur Leflah Eshkoshka,like
313,-0.2372000025423691,-0.04168585715721516,0.2635636907316767,me,Halftime,like
314,0.2015562550112323,0.471189727879546,0.5232952936784414,me,Player's Anthem,like
315,-0.26203621002985344,0.42827670470878193,0.22440394703268168,me,Gangsta Nation,like
316,0.04552610010263407,0.11411767211117638,0.40758687310564534,me,Hip Hop,like
317,-0.045094924938562736,0.6203429560228958,0.05535330779989923,me,Next Level - Nyte Time Mix,like
318,0.03178233598389197,-0.4167491810018655,0.13872747326383317,me,Shimmy Shimmy Ya,like
319,0.2567735872723288,0.48433549905960194,0.5633133807933484,me,Gangsta Bitch,like
320,-0.20947688359381206,-0.13842675078201974,0.4567009686377938,me,Eazy-Duz-It,like
321,-0.09958298152214028,-0.26672261139859293,0.38942055933788183,me,Ole School Shit,like
322,-0.27237593285412115,0.19371941936205295,0.3598938260427776,me,Eazy Street,like
323,-0.2842120415490358,-0.296364700959915,0.36608650970672724,me,It's On,like
324,0.024419605496629363,0.6278274797875796,0.34681306423103747,me,What I'm After,like
325,-0.5126073571557633,0.4693508974394878,0.1700075245672993,me,Kick in the Door - 2008 Remaster,like
326,0.2371601903295264,0.5444245405653708,0.25279427694516865,me,Mince Meat,like
327,0.019875972138891775,0.32561502103781176,0.09577596726183564,me,The Sound of a Memory,like
328,0.061862295175821945,0.6426009157240143,0.3407907212809225,me,Top Billin - Acapella,like
329,-0.21741277945207851,0.6441961975820097,0.235084924221388,me,Inglewood Swangin',like
330,-0.19693611285047485,0.11521086417382899,0.34996853858682636,me,6 'N the Mornin',like
331,-0.030789124534662256,0.3191362989694391,0.2948374084176833,me,The Who,like
332,0.28293389203709424,0.23064516418928208,0.3155080843365849,me,Lickupon,like
333,0.18309312019564516,0.23171350793678597,0.24556691276540504,me,Can I Watch? (feat. Apani B as Nikki),like
334,0.049910306167273405,0.3004377776959698,0.3268454361136212,me,One Beer,like
335,0.048143412775562236,0.4926802170950428,0.5381084393451201,me,THAT'S THAT,like
336,-0.05435804832859657,-0.1447432489084565,0.6441505619247173,me,Saliva,like
337,-0.3691774344720786,-0.29193872314346353,0.24427671281677754,me,Fazers,like
338,0.18501026858549977,0.24764080148285908,0.5703611211808836,me,BALLSKIN,like
339,-0.039174713155985,-0.28463616950405907,0.645116049319799,me,Who,dislike
340,0.05145022130650263,0.5604856769232611,-0.009758838254068617,me,15 MINUTES,dislike
341,-0.15138809338783232,-0.5912081232878079,-0.10889553834333715,me,I Can Do It With a Broken Heart,dislike
342,-0.14047758170500868,0.16901321426139576,-0.36544112079873586,me,Please Please Please,dislike
343,0.4672867830959813,-0.3206135545654236,0.3545569276070579,me,Death Wish Love (From Twisters: The Album),dislike
344,-0.37348345693899854,0.09923842309969232,0.02538211781446742,me,GIRLS,dislike
345,0.1349405252080588,0.08622331267505276,-0.48143199838953277,me,Tough,dislike
346,-0.009727715032067322,-0.40174857801820035,-0.15161961741815533,me,BIRDS OF A FEATHER,dislike
347,-0.007489894623392821,0.138163718327812,-0.010304307852636552,me,Scumbag,dislike
348,0.3323824281287951,0.21826027189648411,-0.6180110899477637,me,"I Love You, I'm Sorry",dislike
349,-0.08942774381228805,-0.3851015113417413,-0.10831067233552678,me,Paris,dislike
350,-0.3337922368969329,-0.2070912521492884,-0.5126021064949405,me,NIGHTS LIKE THIS,dislike
351,-0.10344936184882918,0.2855226030344556,-0.11632852894770365,me,Champagne Coast,dislike
352,0.12191649192263217,-0.1589535083899186,0.6122558132436251,me,Slow Dance (feat. Sofia Carson),dislike
353,-0.37679017848603324,-0.45888103625376797,0.3626322587136836,me,Apple,dislike
354,-0.2782792888576226,0.05973733933739568,-0.3319786824974189,me,Rockstar,dislike
355,-0.1755694989869826,0.16011647885276706,-0.1874112661718757,me,XO (Only If You Say Yes) (English Ver.) Feat. JVKE,dislike
356,-0.15026860605451486,-0.10310032220279285,-0.07599179706475799,me,exes,dislike
357,0.23460546539640012,0.3089064422706275,-0.20035781404002834,me,Call Out My Name,dislike
358,0.0030428424929256994,0.24338320496763316,-0.46483046502573067,me,Carry You Home,dislike
359,-0.26252396859416965,-0.18879042528216713,0.0822797512335691,me,Didn't I,dislike
360,0.29865353063248434,0.15627717469185368,-0.28219231819568674,me,Pretty Baby,dislike
361,0.44117151299737184,-0.19835852720989428,-0.6946089792225383,me,WILDFLOWER,dislike
362,-0.33695462977181395,0.19855190621165403,0.24349290529537623,me,one before the one,dislike
363,-0.33055377250248613,0.3619385990469858,-0.28798078096834934,me,"Good Luck, Babe!",dislike
364,-0.20468213140145444,0.39514771388619163,0.09083017632354365,me,Agree to Disagree,dislike
365,-0.3208325451333177,0.28540710020397353,-0.30634973110617847,me,Party In The U.S.A.,dislike
366,-0.23901572312808664,0.34412565462555067,-0.3414215517343803,me,Memories,dislike
367,0.017453313178673418,0.19228508110439038,0.5143714804294253,me,Good Guy,dislike
368,0.6482586210612776,0.024895266277627018,-0.5001898421878465,me,B.O.A.T.,dislike
369,-0.11925894884648724,0.32697724308503784,-0.4612523182230258,me,you look like you love me (feat. Riley Green),dislike
370,-0.20335515121641948,-0.20540113345333644,-0.048400198121919986,me,Brazil,dislike
371,0.6520361926785988,0.22963547823975247,-0.5156820536953153,me,July,dislike
372,-0.27277956826101213,-0.10069775782144999,-0.29200271064421823,me,Close To You,dislike
373,-0.11965335315464647,-0.0035701815983288517,0.1032307368606548,me,HOT UPTOWN (feat. Drake),dislike
374,-0.22863804502619386,-0.4934470311046995,0.1848201537263955,me,FOREVER,dislike
375,0.10285855187840331,0.29225627615982325,0.013751018996185952,me,Famous,dislike
376,0.1075492417830032,-0.09393427914636837,-0.4021871788378546,me,Somebody to Someone (I Just Wanna Fall in Love),dislike
377,0.5722370928480082,-0.07770902632815417,-0.18900679335680529,me,The Best,dislike
378,-0.055270637845358864,-0.5269762476482757,-0.11979083439227191,me,Ever Seen,dislike
379,-0.062431167556275244,0.13153857737839408,-0.01950539775210198,me,When It Rains,dislike
380,-0.29589068308439864,0.4898457484498224,-0.046488409191545725,me,Debut,dislike
381,-0.41130126500769376,0.24951677842692627,-0.015701104425792527,me,Treadmill,dislike
382,-0.3920642964887402,-0.12101048833899263,-0.46810089068226035,me,So High School,dislike
383,0.5418302616955888,0.1459809175693252,0.0032277867708837174,me,LEFT OF ME,dislike
384,0.6965663512520309,-0.484732135094484,-0.2974204513688128,me,There Goes My Baby,dislike
385,0.2804119109983222,-0.21340643492725578,0.3629636844591838,me,BOOM SNAP CLAP,dislike
386,0.5594099006155951,-0.38479928115348155,-0.232308091259174,me,too young to be old,dislike
387,-0.1305308159839104,0.2657297065546992,-0.4187317157635326,me,Cry,dislike
388,0.11195127727860708,-0.09038927020699544,0.2992395180104602,me,bite the bullet,dislike
389,-0.39725794078023124,0.13892230487270812,-0.3675989013752661,me,This Is What You Came For,dislike
390,-0.16826779944254372,0.05441524834579027,-0.21586937592268798,me,the boy is mine,dislike
391,-0.34632921206874745,0.28842579142220875,-0.014870860356775395,me,"post-post apocalyptic dance party (From ""LEGO® Horizon Adventures™"")",dislike
392,-0.06977494312545113,-0.44796597734284155,0.25550474788736854,me,Bloom,dislike
393,-0.48701415462123154,0.2595204162893435,-0.017755203744873486,me,it boy,dislike
394,-0.1484713505888006,-0.6247151343117007,-0.04230103730592973,me,Our Way,dislike
395,-0.4458714172435214,-0.014132725716713106,0.067242702715072,me,HOT TO GO!,dislike
396,-0.294057573827563,-0.34100126220972005,-0.08921693724527074,me,Right Now,dislike
397,-0.27657078061337176,-0.5485895009394477,0.09447890463015284,me,Espresso,dislike
398,-0.0820343417888114,-0.33272053835355114,0.2683517540646107,me,Talk,dislike
399,-0.14470549310956554,-0.39231212687355344,0.16545721946543424,me,Cosmic,dislike
400,-0.18894680073045658,-0.3466718097788959,0.3205387242042719,me,DIVE,dislike
401,-0.22392701645179897,-0.05192123388927708,-0.3915278035559165,me,Not My Problem,dislike
402,0.428078029790797,-0.41896063324622573,-0.04442920791246792,me,Hearts Get Broken,dislike
403,-0.30128684731983596,0.25964392245492063,-0.3232411170473945,me,LOSER!!,dislike
404,0.04198328593646962,-0.3593229909035331,-0.027248740603756656,me,Look At That Woman,dislike
405,-0.4874662098520898,0.021513568198705313,0.06378712595221507,me,The Spark,dislike
406,-0.16839286938103779,0.28049113848686924,-0.3672642053684331,me,Too Well,dislike
407,0.14000477534910527,-0.14887520770925675,-0.2947376955391424,me,this is what slow dancing feels like,dislike
408,0.6553965230390051,-0.01771847772749767,-0.6097192628561227,me,seasons,dislike
409,-0.02135563448384566,-0.5372294660692312,0.007524201333880074,me,Girls Just Wanna Have Some,dislike
410,-0.2736908614440023,-0.18819936321750624,-0.02032469063975568,me,Nice To Meet Ya,dislike
411,-0.3006897405202388,0.33752750296728984,-0.13735852395434867,me,Bring Back The Beat,dislike
412,-0.08600671860033496,0.3127947741737173,-0.11239635941080962,me,DEVIL IS A LIE,dislike
413,-0.167561167370311,-0.109628906499227,-0.013904026066816786,me,Tease Me,dislike
414,0.10952610280514345,-0.40882858615521134,0.07728147106168883,me,Anxious,dislike
415,-0.09662361526610169,0.03179466694047407,-0.4816221647205566,me,That Should Be Me,dislike
416,-0.30277153355341846,0.4163713421107565,-0.2116141615183105,me,Ode to a Conversation Stuck in Your Throat,dislike
417,-0.4498192645531226,-0.23622133526505762,0.1951263666946791,me,ABCD,dislike
418,0.00252047437790742,-0.5458239877164076,0.013439929788640644,me,Overwhelmed (Ryan Mack Remix),dislike
419,-0.152670259243294,0.2126677133913557,-0.09550869223409847,me,First Time,dislike
420,0.34991528616457496,0.21287770982463738,-0.45584957466309756,me,God Needs The Devil,dislike
421,0.253174200235485,-0.38292689966514093,-0.10725217373661923,me,Blue Moon,dislike
422,-0.3159579253716265,-0.41791049589207,0.20839361814549529,me,MILLION DOLLAR BABY,dislike
423,-0.3748555496114699,0.4546891601481193,-0.18777666155835546,me,WOKE UP,dislike
424,0.641508025275177,0.35336643798390105,-0.6512551884271538,me,talking to the moon,dislike
425,-0.40511353776607323,-0.40794684731534503,0.221276730577311,me,How Sweet,dislike
426,-0.2657849866885151,0.22753113534475625,-0.22576984782518647,me,Bubble Gum,dislike
427,-0.08830538714135992,0.4426050209065636,-0.25041563920245963,me,wish i was a robot,dislike
428,0.0651940242568233,-0.3663039885278444,-0.04420460915517022,me,Belong Together,dislike
429,-0.06184253157092358,-0.19652354003576528,-0.1292488997263503,me,Pretty Little Devil,dislike
430,0.17983596605598734,0.27481060505695526,-0.24194529087288444,me,american jesus,dislike
431,-0.42898407993942655,0.0929223557990686,0.016218702829343054,me,Guard Down,dislike
432,-0.2833600892416569,0.14730467176007878,-0.14041862954712767,me,obsessed,dislike
433,-0.44865533253599804,0.015514693526534213,-0.1998944235666996,me,Man In Finance (G6 Trust Fund),dislike
434,-0.21530657514433685,0.04188510278839763,-0.22635276673042168,me,Karma,dislike
435,0.5645862787405401,-0.04159037859724813,-0.5933711636484469,me,Bored,dislike
436,-0.11004267000581693,-0.09418229568450476,-0.27389575491367213,me,Make You Mine,dislike
437,0.037282940006362085,-0.5053341977402414,0.10578916618416691,me,Austin (Boots Stop Workin'),dislike
438,-0.3416321718568941,0.34131934756709387,-0.09373270619351072,me,Too Sweet,dislike
439,-0.35024695578562853,-0.01922183987742858,-0.3695936372323769,me,Tears (with Paige Cavell),dislike
440,-0.08396275533588188,-0.25438336251970434,0.6352611020231808,me,How Do You Love? (feat. Mougleta),dislike
441,-0.3719442531800714,0.1154979007830357,-0.19035453357952628,me,Move,dislike
442,-0.27269740174709606,0.15822817076895782,-0.42361364411799995,me,Lioness,dislike
443,-0.43849692943570584,-0.46368186588119514,0.3825094512586712,me,girl$,dislike
444,-0.38174757292407757,-0.03486364611457057,0.1326121036549261,me,Life,dislike
445,-0.09055587511740247,0.5496280894621172,-0.02795102256812373,me,I Adore You,dislike
446,-0.3957658550326198,-0.30975554015112183,0.27452404097791633,me,In The Dark,dislike
447,-0.2967984487073856,-0.37314477147883907,0.27482434297315367,me,Tell Me What You Want,dislike
448,-0.4691841847091669,0.3608961964393575,-0.02961967104902696,me,Lift You Up,dislike
449,-0.29363233899948615,-0.3633405730788985,0.28838600050043767,me,TOO COOL TO BE CARELESS,dislike
450,-0.28976371926698263,-0.1734286711814785,0.26551256417925967,me,BLOW (WHITE GIRL IN TOWN) [feat. Kilo Ali],dislike
451,-0.3653231350055384,-0.41871348878461345,-0.1358505177052836,me,lift off!,dislike
452,-0.5265137766985185,0.23113766255825557,-0.24691808216649272,me,places to be,dislike
453,-0.5097184975823366,0.16895683081153123,-0.5592223139043977,me,SMACK TALK,dislike
454,-0.2731937119120261,-0.1704213570510402,-0.2686656362412456,me,Addicted,dislike
455,-0.2879372158099117,-0.22210037081808576,-0.07222723710381891,me,Music is Better,dislike
456,0.3636056346164505,0.3494420311139213,-0.12713141363142055,me,Smile (feat. Carolina Liar),dislike
457,-0.4377000710954717,0.3833609115081093,-0.21853861615041023,me,I Like It (with Nate Smith),dislike
458,-0.13336371168882324,-0.4582465050688084,-0.10405440184508948,me,Last Night - Anyma x Layton Giordani Remix,dislike
459,-0.43942726374106134,-0.39664736950655427,-0.019105098149394324,me,HEAT,dislike
460,-0.15720923254139144,0.09083639210457574,-0.5944432666360214,me,Without You (with HAYLA),dislike
461,-0.43328574756051724,-0.5593894782457336,-0.16656165552456692,me,"She’s Gone, Dance On",dislike
462,-0.1837842559598587,-0.5451432939624421,0.0031888536172573786,me,Chase It (Mmm Da Da Da),dislike
463,-0.36969964385707527,0.11660835060406356,0.08726030210262689,me,Bittersweet,dislike
464,0.3414887877874648,0.08019831996311692,-0.13154908573850296,me,Black Friday (pretty like the sun),dislike
465,-0.2940720202288521,-0.0028520488703268772,-0.3544338045847138,me,Resonate (feat. Julia Church),dislike
466,-0.2576639337336662,0.24128768683884746,-0.13682693112201433,me,Kisses (feat. bbyclose),dislike
467,-0.4369919589712347,0.08834822841837597,-0.03148626654761872,me,Push,dislike
468,-0.20735098872657476,0.0476828432713496,0.08879637841836488,me,Make Up,dislike
469,-0.2570978136027345,-0.1350974632049079,-0.19510548735098546,me,6 In the Morning (feat. Nate Dogg),dislike
470,-0.20134641707992598,-0.4860074063569955,0.21931851017869625,me,Girls,dislike
471,-0.36520660807413524,-0.4045497367798698,-0.10510857746057949,me,My City (feat. Katy Tiz),dislike
472,-0.3651345159531528,0.026453157397367824,-0.25311988370567584,me,How You Move - Edit,dislike
473,-0.03824688824936433,-0.05460245680527872,-0.23217353679139838,me,Neverender,dislike
474,0.20023831816229049,0.1098600081972926,0.2536667843025951,me,Hey Homie,dislike
475,-0.16924666673639774,-0.4260017419091277,0.08651632039546654,me,Summertime Blues (feat. Nathan Nicholson),dislike
476,-0.3157931818644962,0.3861007067193185,-0.30238827218991426,me,Fortnight (feat. Post Malone) - BLOND:ISH Remix,dislike
477,-0.40902993042358904,-0.054977044041703914,-0.1372847056683199,me,Baddy On The Floor,dislike
478,-0.08049218131753465,-0.4410169170337867,-0.05310803836035009,me,Yamore,dislike
479,-0.12092127078209927,-0.3694373663620636,-0.06702599668007063,me,Stumblin' In,dislike
480,-0.11261234099634143,-0.46234491239006137,-0.20893776269077574,me,TRIPPIN,dislike
481,-0.4874662098520898,0.021513568198705313,0.06378712595221507,me,The Spark,dislike
482,-0.3311016324725811,-0.5550640210419779,0.038991179903641544,me,On Again,dislike
483,-0.12246449451073903,-0.36604213929336016,0.18759167140637875,me,All My Friends Are Hot,dislike
484,0.00685205127155464,0.23249038333920993,-0.09445749327823659,me,Holy Moly (feat. Ty Dolla $ign),dislike
485,-0.39047791673907534,-0.05654034895996583,0.14481501458063187,me,Honey Boy (feat. Nile Rodgers & Shenseea),dislike
486,-0.5193971748900025,0.25348794858314216,-0.5001953942569758,me,Right Here,dislike
487,-0.32495284556673176,-0.49475450330163845,0.18814545810582012,me,Set My Heart On Fire (I'm Alive x And The Beat Goes On),dislike
488,-0.41807755237252586,0.3409783355662343,0.12083604581729723,me,Back To One,dislike
489,-0.12642781199104178,-0.04077667512262525,-0.177957404228872,me,How You Feel (Ft. Leven Kali),dislike
490,-0.30593548952367955,-0.0583953633343418,-0.2068667982006484,me,Planet Blue,dislike
491,-0.3002620940643442,-0.49458932494627283,-0.0029863315143148087,me,I Don't Wanna Wait,dislike
492,-0.08318441900661591,0.3545119279869748,-0.22355733089332738,me,Ride Or Die,dislike
493,-0.40473624124628593,-0.001943549023291567,-0.2237136341967438,me,A Little Closer,dislike
494,-0.595657136754926,0.3057521737518919,0.07869595259467213,me,Pedro,dislike
495,-0.48091496099124414,-0.2071779053193879,-0.2558486949560293,me,These Words,dislike
496,-0.2585859055878268,0.33563545637057884,-0.22598277067924838,me,Weak,dislike
497,-0.33559807996847946,-0.11629782481064974,-0.29165013886520696,me,Hiding,dislike
498,-0.21961050310363175,-0.4600695228794054,0.28849515066353154,me,DANCE THROUGH THE NIGHT (with Norma Jean Martine),dislike
499,-0.22390916126508564,-0.34019625344435794,0.033976707680860564,me,Ready For Your Love,dislike
500,-0.2135769064727506,-0.23855155843435305,-0.17091399248298486,me,Mind Still (feat. blythe),dislike
501,-0.46136782994367304,-0.05789275169771938,-0.13929054899594986,me,SONG REQUEST,dislike
502,-0.2583993951859153,0.2299087328093407,-0.4668269798260172,me,ONE FOR YOU,dislike
503,-0.19243127920617062,-0.3380373740776962,0.21693659079020483,me,Drip Sweat (feat. Channel Tres),dislike
504,-0.4089226011261641,-0.16833190934405598,0.12046325821759198,me,Kimbara,dislike
505,-0.29973488075645904,-0.2101019069617629,0.14452444303476106,me,LOOKING FOR JOY,dislike
506,-0.30580400731708995,0.36124744904982914,-0.32746504462949955,me,Mountains,dislike
507,-0.37108710643063436,0.26884235476360374,-0.3723000594499079,me,Sierra,dislike
508,-0.29038677181526623,0.2159179012399932,-0.5078269734835947,me,I Will Find You,dislike
509,-0.517618262843651,0.17773724654981982,-0.332197780187977,me,Heaven,dislike
510,-0.5391795170364743,0.2007395166138649,-0.40044528460720397,me,LET'S GET FKD UP,dislike
511,-0.3798666689081768,0.0315531963076298,-0.36992679512518856,me,Satellite,dislike
512,-0.3286942274464655,0.32724137044436274,-0.16521805619927066,me,Von dutch,dislike
513,-0.04045427846870423,-0.09517089791095555,-0.15814569250334434,me,Karibu,dislike
514,-0.34581782179139736,-0.07820771994024733,-0.1708377946470423,me,MakeDamnSure,dislike
515,-0.44940997943982325,-0.5072207430238843,0.07061214810136432,me,Misery Business,dislike
516,-0.3770985593828476,0.09837357702614598,-0.179014458877157,me,Ohio Is For Lovers,dislike
517,-0.4788365518913615,0.23364859775137187,-0.3000733015261925,me,Dirty Little Secret,dislike
518,-0.4350322085971687,0.44646859356010626,-0.1379547694845059,me,"Dance, Dance",dislike
519,-0.4618332702044874,-0.10058695800163928,-0.20269750029581038,me,King For A Day,dislike
520,-0.31903398347148665,-0.4191239148031869,-0.08886629391706942,me,I Feel So,dislike
521,-0.38089308382804177,0.05906639743569074,-0.0968378648994913,me,The Taste of Ink,dislike
522,-0.4243760434062536,0.17205546744004116,-0.24376742338506902,me,I Write Sins Not Tragedies,dislike
523,-0.42276817843704423,-0.3837288831379138,0.1266298891353307,me,The Middle,dislike
524,-0.2677066873450569,-0.4810151061918965,-0.013482466536878112,me,I'm Just a Kid,dislike
525,-0.4026156984367755,0.2641862545427723,-0.28306420417980577,me,Monsters,dislike
526,-0.2874930885170965,-0.2134295634933698,-0.3264798765438408,me,Such Great Heights - Remastered,dislike
527,0.23348264132053526,0.14087041454590224,-0.575114561606724,me,Transatlanticism,dislike
528,-0.06263673136197567,-0.35815043452613216,0.11118798708459261,me,Polar Opposites,dislike
529,-0.37550255281944506,0.37593693759218755,-0.28217481852188175,me,I Miss You,dislike
530,-0.2826735458904579,-0.3248932721386946,-0.33426267886355604,me,Covet,dislike
531,-0.39677396909089546,-0.15819465873239946,-0.08455621100328516,me,Sweetness,dislike
532,-0.28325729248482173,-0.52912633959989,0.17128270883966348,me,Self Esteem,dislike
533,-0.4748425761433586,0.12331319702338206,-0.2889269602840908,me,Alive With the Glory of Love,dislike
534,-0.21071695708633217,-0.5955040299140076,-0.02399144595828914,me,Never Meant,dislike
535,-0.4985898548580739,-0.09879228913581692,-0.10157175917304535,me,Ocean Avenue,dislike
536,-0.3803024513784035,0.38009175799198275,-0.18206621626363576,me,Pachuca Sunrise,dislike
537,-0.21802700155883026,-0.31612976317481184,-0.13613877111748912,me,Hands Down,dislike
538,-0.46291068714155686,0.06767438149779824,-0.24283996249942028,me,Everything Is Alright,dislike
539,-0.4454614550764033,-0.03913888918917406,-0.25404229045394566,me,"Sugar, We're Goin Down",dislike
540,-0.25769225762980585,-0.014279239770950762,-0.3245917388115981,me,"Swing, Swing",dislike
541,-0.4960517749624123,-0.4741857687292945,0.18188171572679485,me,The Anthem,dislike
542,-0.4436620206746847,-0.07214555009090204,-0.06146630931447551,me,Bleed American,dislike
543,-0.23471289820878535,0.12500073922201552,-0.26553618121473427,me,Vindicated,dislike
544,-0.025840631264329107,-0.31836562845016414,-0.3849166982173984,me,The Only Exception,dislike
545,-0.33609345886281605,0.0017519851647611875,-0.1468117224697066,me,Absinthe Party At The Fly Honey Warehouse,dislike
546,-0.18492656766739807,0.2016482373759328,-0.3018904659735948,me,In A Sweater Poorly Knit,dislike
547,-0.43363178576583666,-0.15102395616114203,-0.09579508796666665,me,Savior,dislike
548,-0.2654893820070028,-0.14132249611747688,-0.3073757994055877,me,Aside,dislike
549,-0.37639149497683544,-0.28242188328993617,-0.23888441554990866,me,A Favor House Atlantic,dislike
550,-0.06365866960103285,-0.4527148025458404,0.0301060886690646,me,Death Cup,dislike
551,-0.05551399722631313,-0.30241811161348203,0.09235127940483655,me,Radio,dislike
552,-0.16387630254781774,-0.10438889644078622,-0.33149936692059717,me,The Quiet Things That No One Ever Knows,dislike
553,-0.06279640973645328,0.2716268265241624,-0.16997863180293707,me,A Movie Script Ending,dislike
554,-0.43617763606513477,0.27222847947697626,-0.5360038231648792,me,Welcome Home,dislike
555,-0.29778779963274765,0.21854025004621053,-0.40005110559176654,me,In Circles - Remastered,dislike
556,-0.3241548699312684,0.2488499951645468,-0.3690303734735911,me,Shake It Out,dislike
557,-0.38470131151794196,0.10797357748744407,-0.171190905664041,me,That's What You Get,dislike
558,-0.15362594675208163,-0.40986378803488177,0.13082133306508845,me,Cute Without The 'E' (Cut From The Team),dislike
559,-0.42438511155284947,0.039747860947412214,-0.2707206296056456,me,Miss Murder,dislike
560,-0.16577309203730187,-0.4502650863334242,0.02200025090869008,me,The Mixed Tape - 2015 Remastered,dislike
561,-0.4315487851952376,0.019602386241913808,-0.19024102512837712,me,Face Down,dislike
562,-0.10386398769347381,0.2326815734515562,-0.3103417605495091,me,The Medic,dislike
563,-0.23431025529435845,-0.20880145240305992,-0.09656858332743955,me,The Best Of Me,dislike
564,-0.22848643726582746,0.2464420224827929,0.1000557186282162,me,Sic Transit Gloria ... Glory Fades,dislike
565,-0.38376466226302,-0.20699452340021454,0.05042691941353342,me,Teenagers,dislike
566,-0.1856850805487571,0.47753588977657113,-0.09047287881962718,me,You're So Last Summer,dislike
567,-0.377378365630362,0.10531710430542063,-0.16108111486000656,me,Girl's Not Grey,dislike
568,-0.4147357694555146,-0.5723271161619546,0.08759156863555133,me,"You're Gonna Go Far, Kid",dislike
569,-0.26894681872633436,-0.1599298399445516,-0.42728642633158476,me,All I Wanted,dislike
570,-0.18362050686287407,0.1671027356192368,-0.3779402572477052,me,This Could Be Anywhere In The World,dislike
571,-0.37326642386574316,-0.5092479518143782,0.05398448411412064,me,Memory,dislike
572,-0.35211465833234196,-0.498084243136275,0.024925946511418565,me,The Great Escape,dislike
573,-0.42992356980403906,0.18158618881675231,-0.21077467508390066,me,A Decade Under The Influence,dislike
574,-0.4158011333231038,0.11410506148276507,-0.16503776442486592,me,Beating Heart Baby,dislike
575,-0.2253217017867526,-0.013652647200511793,0.20763295667634862,me,We're At The Top Of The World,dislike
576,-0.3504790464992388,-0.505171118020426,0.24148088857941308,me,The Downfall Of Us All,dislike
577,-0.2794780770658371,0.1548133879834043,-0.15439408876517133,me,Lying Is the Most Fun a Girl Can Have Without Taking Her Clothes Off,dislike
578,-0.49645858580222124,0.1950988009576346,-0.378204517442564,me,Thnks fr th Mmrs,dislike
579,-0.5056633283061711,0.004890896308378386,-0.591635479954862,me,I'm Not Okay (I Promise),dislike
580,-0.3162288805918991,-0.5332488184383893,-0.08407728326983373,me,Jamie All Over,dislike
581,-0.106740052506974,0.22595914956649202,-0.30759996292868974,me,Plane Vs. Tank Vs. Submarine,dislike
582,-0.14888793122285496,0.18839777135246877,-0.35428905083682244,me,Existentialism On Prom Night,dislike
583,-0.40728908676095615,-0.14100393002512937,-0.0200320297938559,me,The Artist In The Ambulance,dislike
584,-0.39782381412981405,0.4283582859304149,-0.15890602170504817,me,Lucky Denver Mint,dislike
585,-0.17543823644198886,-0.2728915069308988,-0.018751153224490048,me,Your Deep Rest,dislike
586,-0.10508225648602025,-0.41044736552827105,0.14931376943805347,me,L.G. FUAD,dislike
587,-0.34423215749453834,-0.38714004712437383,0.010429733273573178,me,At Your Funeral,dislike
588,-0.2404749463483426,-0.4048755534061895,0.1625856637582013,me,I Woke Up In A Car,dislike
589,-0.49473109240110413,0.05335796230409718,-0.47622375338984746,me,"This Ain't A Scene, It's An Arms Race",dislike
590,-0.497089966964866,0.12110105533800594,-0.32080071587707015,me,Brick by Boring Brick,dislike
591,-0.03040932964336361,-0.12657796842412855,-0.14353541530172098,me,The Curse of Curves,dislike
592,-0.32918275109991335,0.4281945874041625,-0.21050158204481495,me,Until the Day I Die,dislike
593,-0.4140174140852627,0.29916285489326466,-0.20407008928589748,me,All over You,dislike
594,-0.3866211845852409,-0.34077464852270767,-0.3684187283742305,me,Helena,dislike
595,-0.4130889085276582,-0.4496151838676524,-0.05879631547783402,me,Can't Be Saved,dislike
596,-0.3844978359074488,0.10282039258808304,-0.36559710354655567,me,F.C.P.R.E.M.I.X.,dislike
597,-0.37109247715240984,-0.06642683798590866,-0.31983154005122005,me,All That I've Got,dislike
598,-0.23638478047478445,-0.31360430710696907,0.3538833341670457,me,Little Things,dislike
599,-0.1782786997635558,-0.21896310277983302,-0.2492553503460255,me,The Feel Good Drag,dislike
600,-0.38404387956126795,-0.46386921806477543,-0.09985188455043924,me,Falling in Love Again,dislike
601,-0.32056559540312823,0.35180304694407044,-0.09263993650513577,me,The Permanent Rain,dislike
602,-0.33151670014691076,-0.42236183406161404,-0.10549115173135533,me,Famous Last Words,dislike
603,-0.3404242701077506,-0.1652517533148898,-0.14168090817944615,me,Understanding In A Car Crash,dislike
604,-0.32024519784373573,-0.4849568268068218,-0.17297104942430686,me,Devotion And Desire,dislike
605,0.42798794972490556,0.07435021723254712,-0.33392574895073635,me,Coffee,dislike
606,-0.4361866591766449,-0.2716571817835762,-0.14113323837415667,me,Smile In Your Sleep,dislike
607,-0.37949185558938553,-0.5212581738066503,-0.028159011572961287,me,A Boy Brushed Red Living In Black And White,dislike
608,-0.134270584015414,-0.5743870708984635,-0.2499228930885914,me,What It Is To Burn - New Version,dislike
609,-0.18849213330409154,-0.37296974298056745,-0.0997084542864246,me,"Baby, You Wouldn't Last A Minute On The Creek",dislike
610,-0.21931462109276173,-0.46463014175881356,0.07379533102477101,me,Say Anything (Else),dislike
611,-0.3104794403414806,0.090159132696433,-0.2582220664313123,me,We Own the Night,dislike
612,-0.09625180774828013,0.03925837573796344,-0.23670688135133128,me,Art Is Hard,dislike
613,-0.3193221535520153,-0.5058273959735174,-0.0122366817268023,me,Holiday,dislike
